,CEO Name
0,A-share
1,Abby
2,Abelson
3,Abercrombie
4,Ackman
5,Adeel
6,Adelson
7,Ader
8,Affleck
9,Affordability
10,Afton
11,Agatha
12,Agecroft
13,Ah
14,Ahold
15,Ahrendts
16,Ainfo
17,Ainslee
18,Airbnb
19,Alastair
20,Aldred
21,Alexandra
22,Alibaba
23,Allison
24,Altai
25,Altig
26,Altima
27,Altman
28,Alvarez
29,Alvin
30,Amancio
31,Amendment-protected
32,Amid
33,Amitie
34,Anand
35,Ancken
36,Anfield
37,Anheuser
38,Anhui
39,Anirvan
40,Ankur
41,Anmuth
42,Antczak
43,Anyone
44,Arata
45,Argia
46,Arianna
47,Ariel
48,Arlene
49,Armand
50,Arminio
51,Arnott
52,Aron
53,Arturo
54,Artus
55,Asher
56,Astrid
57,Asus
58,Athina
59,Aubrey
60,Audi
61,Avalon
62,Avis
63,B-equivalent
64,B-favorite
65,Badkar
66,Baha
67,Bailout
68,Bain
69,Bakken
70,Banc
71,Banco
72,Banerji
73,Bankrate
74,Barclays
75,Barofksy
76,Barrett
77,Barrington
78,Barron
79,Barrymore-type
80,Bartosz
81,Bateman
82,Battletoads
83,Beauchesne
84,Belfort
85,Belski
86,Benmosche
87,Benoi
88,Benz
89,Bergdorf
90,Berman
91,Bertarelli
92,Bettencourt
93,Bhatia
94,Bigland
95,Billiton
96,Bingguo
97,Bingham
98,Biogen
99,Birgit
100,Birinyi
101,Bitcoin-bought
102,Bitcoiners
103,Bitcoinhttp
104,Blakely
105,Blanche
106,Blankfein
107,Bluemel
108,Bn
109,Bnb
110,Boggs
111,Boing
112,Bon
113,Bornemisza
114,Boroujerdi
115,Boulud
116,Bovespa
117,Boxx
118,Branson
119,Brennan
120,Broderick
121,Bruderer
122,Buckingham
123,Buffett-buddy
124,Burch
125,Burne
126,Busch
127,Busigin
128,Buy-rating
129,C-suite
130,Cadbury
131,Caijing
132,Callahan
133,Caltech
134,Calvo
135,Canellos
136,Canpotex
137,Cantabria
138,Capex
139,Capriles
140,Cardenas
141,Carly
142,Carolyn
143,Carr
144,Carylye
145,Cathy
146,Caufield
147,Cavaliere
148,Changfu
149,Changyong
150,Chaytor
151,Chenault
152,Chernin
153,Chinasmack
154,Christine
155,Citibank
156,Citibikes
157,Citicorp
158,Citigroup
159,Citroen
160,Clara
161,Clarkmoody
162,Clayton
163,Clementi
164,Clendon
165,Clouse
166,Cnooc
167,Coachella
168,Coburn
169,Coldeco
170,Coleman
171,Colgate
172,Colvin
173,Comcast
174,Comercial
175,Conoco
176,Consultores
177,Contrafund
178,Converg
179,Cooney
180,Corbat
181,Corelogic
182,Corey
183,Corvino
184,Corzine
185,Cosgrove
186,Courtney
187,Coutts
188,Cowen
189,Cowill
190,Cowley
191,Craigslist
192,Crescenzi
193,Crowther
194,Culpa
195,Cumming
196,Cutchen
197,Dai
198,Damir
199,Damodaran
200,Danoff
201,Daralee
202,Davig
203,Dealogic
204,Deborah
205,Debtwire
206,Del
207,Delaney
208,Deloitte
209,Democratic-led
210,Depew
211,Dermid
212,Desarrollo
213,Deshon
214,Detsky
215,Deustche
216,Diallo
217,Diane
218,Dickerson
219,Diggle
220,Dilbert
221,Django
222,Doctoroff
223,Dongjing
224,Doomer
225,Doral
226,Dorsey
227,Dow
228,Drayton
229,Dreamliner
230,Dreamworks
231,Driebousch
232,Driebusch
233,Driskill
234,Duffy
235,Dunkelberg
236,Dunne
237,Dupre
238,Duquesne
239,Durand
240,Dwaine
241,Dwyer
242,Eamon
243,Ebayand
244,Ecomom
245,Econ
246,Editor-in
247,Edmond
248,Eduardo
249,Eells
250,Eichenwald
251,Eike
252,Eisenberg
253,Eisner
254,Elliman
255,Elon
256,Elswick
257,Engen
258,Engibous
259,Eonsmoke
260,Erdely
261,Erich
262,Erik
263,Espirito
264,Estaban
265,Eurocrisis
266,Eurofirst
267,Eurostat
268,Everyone
269,Exxons
270,Fabrice
271,Fairfield
272,Felice
273,Felix
274,Fenner
275,Financialist
276,Finra
277,Fiorina
278,Fiserv
279,Fishman
280,Fitzsimmons
281,Foie
282,Foo
283,Forcados
284,Forex
285,Forsyth
286,Frac
287,Fractracker
288,Fraga
289,Frak
290,Franz
291,Freccia
292,Freeh
293,Fritesor
294,Froot
295,Fynn
296,Gaillard
297,Gallin
298,Gallippi
299,Gard
300,Garthwaite
301,Gartner
302,Geo
303,Geoff
304,Geoffrey
305,Georg
306,Geours
307,Geraldine
308,Gerspach
309,Getz
310,Giampaolo
311,Ginni
312,Ginnie
313,Giustra
314,Glendale
315,Glovin
316,Gluskin
317,Goldstein
318,Golman
319,Gooding
320,Googletrades
321,Gopalakrishnan
322,Gorat
323,Govvie
324,Gras
325,Graw
326,Grebler
327,Greenfield
328,Greenham
329,Greenhaus
330,Greenlight
331,Gregg
332,Gretchen
333,Grier
334,Grigoriou
335,Grivas
336,Groupshut
337,Grubb
338,Guffin
339,Guillermo
340,Gutierrez
341,Hak
342,Halim
343,Handey
344,Hannah
345,Harley
346,Hasting
347,Haver
348,Hayne
349,Heagy
350,Heagys
351,Hefei
352,Heidmar
353,Helmut
354,Hendry
355,Henrique
356,Herbalife
357,Hercule
358,Herskovitz
359,Hetzel
360,Hewlett
361,High-end
362,Hine
363,Hmm
364,Hobson
365,Hochschild
366,Hoon
367,Hsieh
368,Hubert
369,Huhuai
370,Humphrey
371,Hunsader
372,Huy
373,Hwang
374,Hyundai
375,Ihrig
376,Immelt
377,Incand
378,Independant
379,Industrials
380,Inman
381,Intel
382,Intourist
383,Intra-stock
384,Investible
385,Issei
386,Jaden
387,Janjuah
388,Jaruslic
389,Jarvis
390,Javers
391,Jeddeloh
392,Jefferies
393,Jeffries
394,Jennie
395,Jiang
396,Jinping
397,Jovi
398,Jung-un
399,Junglee
400,K-educated
401,Kabiller
402,Kaesong
403,Kamin
404,Kane
405,Kaneko
406,Kaori
407,Kaplan
408,Kapner
409,Karim
410,Kato
411,Katrina
412,Katy
413,Kaul
414,Kavanaugh
415,Kawasaki
416,Kearns
417,Kee
418,Kei
419,Kemper
420,Kendra
421,Keyston
422,Kham
423,Kheel
424,Khiem
425,Kibbe
426,Kirloskar
427,Kishor
428,Kiyomizu-dera
429,Kleiner
430,Kocherlakota
431,Koenig
432,Kohlberg
433,Kong
434,Kosove
435,Kospi
436,Kostin
437,Kotick
438,Koutsieri
439,Kramer
440,Kranz
441,Kreth
442,Krinsky
443,Krysten
444,Kudlow
445,Kurdulija
446,Kwei
447,Kyung
448,Landauer
449,Lang
450,Langone
451,Larry
452,Lasse
453,Laszlo
454,Laubach
455,Laura
456,Lauren
457,Lavorgna
458,Laybourne
459,Leahy
460,Leavitt
461,Lebedev
462,Lebow
463,Legg
464,Lenz
465,Leroyer
466,Lesko
467,Leung
468,Lew
469,Lewitt
470,Lexus
471,Lhota
472,Liang
473,Liddell
474,Liliane
475,Linda
476,Lingling
477,Linkedin
478,Lipper
479,Lischka
480,Liscio
481,Llan
482,Loomis
483,Lorber
484,Loretta
485,Lorie
486,Lovekin
487,Lucasfilm
488,Luecke
489,Lululemon
490,Lundgren
491,Luskin
492,Lynton
493,Macorig
494,Macquarie
495,Macrofugue
496,Macrostrategy
497,Madama
498,Mae-backed
499,Mae-owned
500,Magnowski
501,Maheshwari
502,Maineto
503,Mair
504,Maison
505,Maju
506,Makev
507,Malmi
508,Mamta
509,Mankiw
510,Manoj
511,Marcus
512,Maresh
513,Marie
514,Mark-to-market
515,Marketaction
516,Marketfield
517,Marketwire
518,Marlboro-maker
519,Marple
520,Martha
521,Maryann
522,Maserati
523,Massey
524,Matlin
525,Matthey
526,Mattioli
527,Mauld
528,Maurice
529,Maurine
530,Mazars
531,Megan
532,Melinda
533,Mellody
534,Melloy
535,Mercedes
536,Mesirow
537,Metacapital
538,Meyers
539,Mich
540,Mikkelsen
541,Millichap
542,Mini--an
543,Minn
544,Minoru
545,Mir
546,Misra
547,Miuccia
548,Mobil
549,Mobils
550,Monash
551,Montauk
552,Monty
553,Moonves
554,Mora
555,Moran
556,Mori
557,Moroney
558,Moscovitz
559,Movato
560,Mrock
561,Mulji
562,Mulraine
563,Munger
564,Muni
565,Mutum
566,Nafissatou
567,Nagle
568,Najam
569,Nallathambi
570,Nam
571,Napster
572,Narayana
573,Natixis
574,Navarette
575,Nellie
576,Nerney
577,Nesbitt
578,Netherland
579,Newmark
580,Newsday
581,Newswires
582,Nguyen
583,Niccol
584,Nico
585,Nikkei
586,Nikki
587,Nishioka
588,Noboyuki
589,Norbert
590,Nordstrom
591,Norwalk
592,Norwich
593,Noticias
594,Nottingham
595,Novak
596,Novy
597,O--the
598,October-to
599,Okla
600,Ole
601,Olli
602,Omnimedia
603,Op
604,Orszag
605,Osterville
606,Others
607,Overbought
608,Overbullish
609,Oxia
610,P-of
611,Packard
612,Paidtorun
613,Pak-maker
614,Palacios
615,Palanker
616,Palaveev
617,Palazzo
618,Palmisano
619,Palmolive
620,Pandit
621,Pano
622,Paribas
623,Partido
624,Pawlowski
625,Payson
626,Payton
627,Peapod
628,Penney
629,Penta
630,Perella
631,Perigord
632,Perkins
633,Perri
634,Peterson
635,Petroff
636,Peyton
637,Phillipa
638,Piedrahita
639,Platt
640,Platts
641,Plosser
642,Plumeri
643,Poirot
644,Polich
645,Politizane
646,Pollyanna
647,Poly
648,Pommes
649,Powerball
650,Prada
651,Pradhan
652,Pravin
653,Predictiv
654,Presidenza
655,Price-to
656,Priya
657,Procter
658,Prouser
659,Proxy--which
660,Prykhodov
661,Pssst
662,Puech
663,Puris
664,Putcha
665,Quattroporte
666,Rackspace
667,Rahim
668,Ralph
669,Randall
670,Ratner
671,Rausing
672,Razor-type
673,Reaal
674,Reagan-era
675,Regan
676,Regis
677,Reifschneider
678,Reihan
679,Reithofer
680,Remache
681,Renault
682,Renee
683,Renzo
684,Repubblica
685,Retuers
686,Rhee
687,Riccadonna
688,Rinaudo
689,Rishi
690,Roberston
691,Rodman
692,Rodrigue
693,Rometty
694,Rompuy
695,Rongsheng
696,Rosalia
697,Rosso
698,Rotorcraft
699,Roush
700,Rovella
701,Rovt
702,Royale
703,Ruchir
704,Ruggles
705,Rumishek
706,Russolillo
707,Rybolovlev
708,Saa
709,Safra
710,Sagolj
711,Saji
712,Saks
713,Salam
714,Salle
715,Sant
716,Santander
717,Santo
718,Sapna
719,Satya
720,Savita
721,Sayles
722,Sbordone
723,Schaeuble
724,Schatzker
725,Schriro
726,Schultz
727,Schwartz
728,Screengrab
729,Scripophily
730,Segar
731,Selwood
732,Seng
733,Seong-ho
734,Setai
735,Seto
736,Sevranksy
737,Shaoul
738,Sharpton
739,Shayna
740,Sheff
741,Sheldon
742,Shi
743,Shiller
744,Shope
745,Shouldn
746,Shriram
747,Shutterstock
748,Sigillum
749,Sikes
750,Silverlake
751,Simmons
752,Sinema
753,Singh
754,Sistema
755,Skiddy
756,Skilling
757,Smackdown
758,Smallridge
759,Smead
760,Sofitel
761,Solin
762,Songjiang
763,Sorda
764,Souffl
765,Sozzi
766,Spanx
767,Spectron
768,Sperling
769,Squibb
770,Stade
771,Staermose
772,Statham
773,Staver
774,Stawiarz
775,Stoltmann
776,Stoltzfus
777,Stoxx
778,Strasaburg
779,Strasburg
780,Streeteasy
781,Suen
782,Sueng
783,Suga
784,Suki
785,Sunil
786,Sunnyvale
787,Sunpower
788,Supremes
789,Swathi
790,Sweeney
791,Swonk
792,Sy
793,Tabak
794,Tadawul
795,Tagliabue
796,Talisker
797,Tamraz
798,Taobao
799,Tempe
800,Templeton
801,Tencent
802,Tepper
803,Teruel
804,Tesher
805,Thinkorswim
806,Tony
807,Tootell
808,Toporek
809,Toward
810,Trac
811,Treauries
812,Trish
813,Trulia
814,Turen
815,Ullman
816,Unbroke
817,Uniqlo
818,Uralkali
819,Valore
820,Vanke
821,Varick
822,Vasella
823,Vataha
824,Vc
825,Vecchio
826,Velto
827,Verdugo
828,Verme
829,Versus
830,Vessenes
831,Vicky
832,Vikram
833,Vito
834,Viton
835,Viveiros
836,Volker
837,Volkert
838,Von
839,Vornado
840,Vrba
841,Vuse
842,Vuuren
843,Wallis
844,Wanxiang
845,Wascher
846,Wasik
847,Wasn
848,Waterworld
849,Wegelin
850,Weingarten
851,Weiser
852,Westchester
853,Whalen
854,Whenever
855,Which
856,Whilst
857,Wikipeda
858,Wilcox
859,Williamson
860,Willkie
861,Winklevii
862,Winklevosses
863,Wisel
864,Witt
865,Wolfson
866,Wolman
867,Woodford
868,Wuerffel
869,X-trackers
870,Yamashita
871,Yasser
872,Yiannis
873,Yo
874,Yong
875,Yorkin
876,Yoshida
877,Yoshihide
878,Yoshiko
879,Youtube
880,Zach
881,Zain
882,Zara
883,Zesiger
884,Zhu
885,Zickler
886,Ziff
887,Zipcar
888,Zipsters
889,Zuckerberg
890,Zwiebel
