,Company Name
0,ACA Financial
1,ACU
2,APA
3,APOn
4,ASX
5,AUD
6,Ace Greenberg
7,Adelson
8,Adjusted EBITDA
9,Advisor Perspectives
10,Al Cardenas
11,Alternative Investment Center
12,America Merrill Lynch
13,American Taxpayer Relief Act
14,Americans For Prosperity
15,Among
16,An Illustrated Biography
17,An Introduction
18,Anand Nallathambi
19,Andrew Currie
20,Anne Sinclair
21,Assembled Chemical Weapons AlternativesConstruction
22,At Templeton
23,Audi
24,Auto Nation
25,Average Federal Tax Changes
26,Avis
27,Avis Budget
28,Avis Budget Group
29,B. Riley
30,BI Intelligence
31,BIIMobile
32,BMW
33,BRIC
34,BRICs
35,Barrie Zesiger
36,Barry Gordon
37,Bear Sterns
38,Because
39,Benjamin Graham
40,Benz
41,Berkshire Hathaway Class
42,Berkshire Hathway
43,Bethesda
44,Bill Ackman
45,Bill Gross
46,Billion Sandy
47,Billionaires Index
48,Billionaires Whose Net Worth Rose
49,Blackrock
50,Bloomberg
51,Booz&amp
52,Both House Speaker John Boehner
53,Brendt
54,Brett Ratner
55,Buffett
56,Bush Administration
57,Bush White House
58,But Ortega
59,Buurma
60,CCFA
61,CCHONG KONG
62,CIBC World Markets
63,CNNMoney
64,CNNMoney And
65,CNNMoney Computer Chompers
66,CNNMoney You
67,CNNMoneyAlex Wiley
68,CQS
69,Cadillac User Experience
70,Cap Growth
71,Cap Growth Equities
72,Carly Fiorina
73,Carlyle Group
74,Carson Block
75,Cascade Investment
76,Chairman Volker
77,Change One
78,Charles Mackay
79,Chief Investment Officer
80,Chris Brightman
81,Christina Koutsieri
82,Christine Buurma
83,Chuck Jaffe
84,Citizens United
85,Co. That
86,Commentary Magazine
87,Computer Chompers
88,Computer ChompersComputer Chompers
89,Congress Just Socked It To
90,Coordination Bureau
91,Core Concepts
92,CoreLogic
93,Corfu
94,Cox School
95,CrestmontResearch
96,Czech Republic
97,Daily Mail
98,Dallas Fed
99,David EinhornPoker
100,David Rubenstein
101,David Tepper
102,Deal Won
103,Dean Baker
104,Despite Ortega
105,Deutsche Bank Chief US Economist
106,DoubleLine CEO Jeffrey Gundlach
107,DoubleLine Capital LP
108,Dow
109,Dr. Robert Gordon
110,EGP
111,EPS
112,ESIS
113,East Africa
114,Economic Research
115,Ellis LLP
116,Emerging Markets
117,Eric Hunsader
118,Estimating Stock Market Returns
119,Eurasia Group
120,Extraordinary Popular Delusions
121,Eye Investing
122,FTT
123,Facebook
124,Financial Careers
125,First Amendment
126,Fiscal Cliff
127,Fiscal Gorge
128,Fishman
129,Flickr
130,FlickrNOTE
131,FlickrThe S&amp
132,FlickrZipcar
133,For
134,ForExPros
135,Forecasts For Fund Investors In
136,Foreign Affairs
137,Frazer Harisson
138,Fred Wilson
139,Free Trial Today
140,FreedomWorks
141,From
142,From Lu
143,Frontier Markets
144,Frontline
145,Full Report By Signing Up
146,Fung Group
147,GLOBE NEWSWIRE
148,GMO
149,Gaming Inspection
150,Georg Vrba
151,George Bush Sr
152,George Soros
153,George W. Bush
154,Getty
155,Getty ImagesGood
156,Getty ImagesInvesting
157,Gini Coefficient
158,Goldman Sachs
159,Gordon
160,Governor Cuomo
161,Great News For Romney Voters
162,Group Managing Director
163,Group Managing Directors
164,Grover Norquist
165,Gundlach
166,Gus Lubin
167,HFR
168,HSBC PMI
169,Hannah Collins
170,Happy New Year
171,Herbalife
172,Heritage Foundation
173,Heritage Foundation Research
174,Hewlett
175,Historical Growth
176,House Majority Leader Eric Cantor
177,House Minority Nancy Pelosi
178,House Republicans
179,Hunsader
180,Hyundai
181,Hyundai Motor
182,If
183,Imports Indexes
184,IndexTM
185,Indian Automobile Manufacturers
186,Inflation Given
187,International RealtyMoney
188,Is U.S. Economic Growth Over
189,Isabelle Bourcier
190,Jack Handey
191,Japan Index
192,Jeff Immelt
193,Jeremy Grantham
194,Jim
195,Jim Chanos
196,Jimmy Cayne
197,Joe LaVorgna
198,John Major
199,John Paulson
200,John Thomas Financial
201,Just Have
202,KIA
203,Katerini
204,Kirkland
205,LMFAO
206,LOS ANGELES
207,LaVorgna
208,LadderFormer CEO
209,Las Vegas
210,Las Vegas Sands Corp
211,Last Long
212,Latham
213,Le Prince Maurice
214,Lincoln Tunnel
215,Louise Palanker
216,MGM
217,MSCI Asia Pacific
218,MSRP
219,MacBook
220,MacBook Pro
221,Marcus
222,Mark Mobius
223,Mark Norman
224,Marketwatch
225,Matt Kibbe
226,Melinda Gates Foundation
227,Mercedes
228,Meyer Shields
229,Michael NagleStrauss
230,MidAmerican
231,MidAmerican Energy Holdings
232,Millichap Real Estate Investment Services
233,Mitt Romney
234,Mobile Banking
235,Monday S&amp
236,Money Never Sleeps
237,Morgan Stanley
238,Morgan Stanley Investment Management
239,Morsi
240,Most Asian
241,Mr. Griffith
242,Mr. Obama
243,Muddy Waters Research
244,Mutual Funds
245,My
246,Myriam Aouffir
247,NYMEX
248,Nanex
249,Nanex&gt
250,Nazer
251,Neill
252,New Years
253,New Yorkers
254,Nintendo
255,Norwalk
256,Obamacare
257,Olam International... We
258,On Wall Street
259,Ossiam
260,Our
261,PARSIPPANY
262,PEO
263,PIMCO
264,PR NewswireHigh
265,PRNewswire
266,Packard
267,Pelosi
268,Peter Wehner
269,Peugeot Citroen
270,Philly Fed
271,President Mohamed Morsy
272,Presidential Spokesman Yasser Ali
273,REO
274,Renault
275,Rep. Chris Smith
276,Rep. Peter King
277,Republic Services
278,Republican House Speaker John Boehner
279,Republican Party
280,Research Affiliates
281,Rob Arnott
282,Ronald L. Nelson
283,Rosalia
284,Rose Gold Plated
285,Roy Welland
286,Ruchir Sharma
287,Rush Hour
288,S&amp
289,SJM Holdings
290,SMID
291,SMU
292,Sands Casino
293,Scott Griffith
294,Scotty Barber
295,Senate&rsquo
296,Senior Portfolio Manager
297,Shanghai Composite
298,Sharma
299,Sheldon Adelson
300,Since
301,SinclairDominique Strauss Kahn
302,Slower Growth
303,Social Security
304,South Korea
305,South Richmond Securities
306,Southeast Asia
307,Spending Problem
308,Sri Lanka
309,St. Joe Company
310,Steve Eisman
311,Steve Weinstein
312,Steven Englander
313,Stifel Nicolaus
314,Stoxx Europe
315,Strauss Kahn
316,Sunpower
317,Super Storm Sandy
318,Supreme Court
319,Sylvia Moss
320,TCW
321,TCW Global Technology Strategy
322,TCW Growth Equities Strategy
323,TCW Small
324,Tax Policy Center
325,Templeton
326,Templeton Emerging Markets Group
327,The
328,The Alchemy
329,The Antelope Valley Solar
330,The Atlantic
331,The BRIC Era Is Over
332,The Boards
333,The Boehner Rule
334,The Central Bank
335,The Club
336,The Egyptian
337,The FTT
338,The Fiscal Gorge
339,The Guardian
340,The HSBC South Korea Purchasing
341,The Hong Kong
342,The House
343,The Intelligent Investor
344,The Investor
345,The Little Book
346,The Most In
347,The Newtown
348,The Omaha
349,The PMI
350,The Parthenon Group
351,The Professor
352,The U.S. Census Bureau
353,These
354,They
355,Ting Lu
356,US Congress
357,US Industrial Renaissance In
358,USDJPY
359,USV
360,Union Square Ventures
361,United States
362,VFA
363,VIX
364,Vanguard Fund
365,Via
366,W. Bush
367,Warren Buffet
368,Warren Buffett
369,Warren E. Buffett
370,Watkins LLP
371,We
372,We Don
373,Western Hemisphere
374,What
375,Wikimedia CommonsGoldman Sachs
376,Wikimedia CommonsThe
377,Wiley
378,William D. Cohan
379,With
380,Wynn
381,Wynn Resorts Ltd
382,Yiannis Grigoriou
383,YouTubeAmancio Ortega
384,Zara
385,Zero Growth
386,Zipcar
387,Zipsters
